,Team,Id,Position,First Name,Last Name,FPPG,Played,Salary,Game,Opponent,Injury Indicator,Injury Details,Team Total,Percent of Total,Projected Score,Average Score,Factor,Projection,TPG,PPG,BPG,RPG,APG,SPG,Stat Projection,Value
Aaron Gordon,ORL,21968-41594,PF,Aaron,Gordon,34.58333333,12,7300,ORL@POR,POR,,,228.694818501,0.151220449841,102.75,109.8,0.935792349727,32.504795082,1.7,18.3,0.83,7.9,2.3,0.83,32.504795082,224.582249529
Amir Johnson,PHI,21968-9862,PF,Amir,Johnson,15.13333384,12,3100,PHI@LAL,LAL,,,237.39966871,0.0637462298167,111.25,108.0,1.03009259259,15.4419444444,0.8,4.8,0.5,5.3,0.8,0.67,15.4419444444,200.751920275
Andre Drummond,DET,21968-15557,C,Andre,Drummond,42.90769137,13,9400,DET@MIL,MIL,,,250.637561554,0.171194178175,102.0,106.5,0.957746478873,41.1573239437,2.8,13.7,1.15,15.6,3.2,1.62,41.1573239437,228.391914228
Andrew Wiggins,MIN,21968-49116,SG,Andrew,Wiggins,30.45384568,13,6200,SA@MIN,SA,,,220.176456758,0.1383156316,107.25,108.8,0.985753676471,30.0027849265,2.1,19.5,0.46,4.4,1.6,1.31,30.0027849265,206.647483398
Anthony Davis,NO,21968-15755,PF,Anthony,Davis,53.61538462,13,11300,TOR@NO,TOR,,,231.508290583,0.231591639699,110.25,107.4,1.02653631285,54.8575837989,2.3,26.2,2.23,11.9,3.1,1.38,54.8575837989,205.987927602
Ben Simmons,PHI,21968-66115,PF,Ben,Simmons,43.69230769,13,9800,PHI@LAL,LAL,,,237.39966871,0.184045360836,111.25,108.0,1.03009259259,44.876412037,3.8,17.8,0.77,9.2,7.5,1.69,44.876412037,218.377529645
Bobby Portis,CHI,21968-42156,PF,Bobby,Portis,33.83333333,3,5300,CHI@OKC,OKC,,,200.471067951,0.168769157943,0.0,93.6,0.0,-1.01,2.0,19.3,0.0,10.0,2.3,0.33,-1.01,-5247.52475248
Bogdan Bogdanovic,SAC,21968-55060,SG,Bogdan,Bogdanovic,18.38000031,10,3600,SAC@ATL,ATL,,,218.718453321,0.084034977529,100.5,94.6,1.06236786469,19.4230443975,1.1,9.4,0.6,2.5,1.6,1.0,19.4230443975,185.346845033
Bojan Bogdanovic,IND,21968-14530,SF,Bojan,Bogdanovic,20.30714199,14,4400,IND@MEM,MEM,,,246.002848607,0.0825484017969,102.25,108.0,0.946759259259,19.2864814815,1.4,13.3,0.07,3.5,1.4,0.64,19.2864814815,228.139072657
Brandan Wright,MEM,21968-9935,C,Brandan,Wright,15.65384615,13,3200,IND@MEM,IND,,,202.228179269,0.0774068490681,106.75,101.2,1.05484189723,16.1920355731,0.2,6.0,1.08,3.8,0.4,0.46,16.1920355731,197.628024318
Brandon Ingram,LAL,21968-66048,SF,Brandon,Ingram,25.92142814,14,5700,PHI@LAL,PHI,,,223.376675489,0.116043575648,108.25,103.3,1.04791868345,27.094588577,2.2,13.9,0.57,4.8,2.4,1.07,27.094588577,210.374111561
Brook Lopez,LAL,21968-9621,C,Brook,Lopez,28.31428528,14,6100,PHI@LAL,PHI,,,223.376675489,0.126755782438,108.25,103.3,1.04791868345,29.4713601162,1.9,15.3,1.71,4.8,1.7,0.5,29.4713601162,206.980606798
Buddy Hield,SAC,21968-23665,SG,Buddy,Hield,23.03846154,13,4600,SAC@ATL,ATL,,,218.718453321,0.10533387188,100.5,94.6,1.06236786469,24.2891437632,1.6,12.3,0.08,4.6,1.9,1.23,24.2891437632,189.385020931
CJ McCollum,POR,21968-19067,SG,CJ,McCollum,33.39999898,12,6900,ORL@POR,ORL,,,227.281834968,0.146954106494,107.75,105.0,1.02619047619,34.1737380952,1.7,22.4,0.33,4.1,2.5,1.0,34.1737380952,201.909430592
CJ Miles,TOR,21968-9725,SF,CJ,Miles,15.79166667,12,3100,TOR@NO,NO,,,225.20393262,0.0701216292552,106.75,110.3,0.967815049864,15.4077334542,0.8,9.7,0.42,2.1,0.6,0.75,15.4077334542,201.197665394
Chandler Parsons,MEM,21968-14537,SF,Chandler,Parsons,15.51818154,11,3500,IND@MEM,IND,,,202.228179269,0.0767359998794,106.75,101.2,1.05484189723,16.2454298419,0.9,7.5,0.36,2.8,1.7,0.64,16.2454298419,215.445207302
Cody Zeller,CHA,21968-15691,C,Cody,Zeller,20.92499924,8,3900,CLE@CHA,CLE,,,263.2601722,0.0794841052679,108.25,103.4,1.04690522244,22.2469390716,1.1,8.3,1.38,7.4,0.3,0.25,22.2469390716,175.305015555
Cory Joseph,IND,21968-14529,PG,Cory,Joseph,19.15714373,14,4200,IND@MEM,MEM,,,246.002848607,0.0778736662542,102.25,108.0,0.946759259259,18.273125,1.4,8.7,0.36,2.6,3.1,1.0,18.273125,229.845743407
Courtney Lee,NY,21968-9615,SG,Courtney,Lee,22.40000094,13,4600,UTA@NY,UTA,,,265.126128738,0.0844880926924,104.0,106.0,0.981132075472,22.0139622642,1.4,11.0,0.0,3.5,2.8,1.46,22.0139622642,208.95829405
Cristiano Felicio,CHI,21968-63478,C,Cristiano,Felicio,9.181818182,11,3100,CHI@OKC,OKC,,,200.471067951,0.045801213491,0.0,93.6,0.0,-0.02,1.1,3.5,0.27,4.1,0.5,0.09,-0.02,-155000.0
Damian Lillard,POR,21968-20848,PG,Damian,Lillard,43.31538274,13,9500,ORL@POR,ORL,,,227.281834968,0.190580046778,107.75,105.0,1.02619047619,44.2904047619,3.2,24.4,0.54,5.6,6.5,1.31,44.2904047619,214.493411182
Danny Green,SA,21968-9758,SG,Danny,Green,21.95384568,13,5100,SA@MIN,MIN,,,248.847850747,0.0882219621913,102.25,102.6,0.996588693957,21.8002339181,1.9,10.5,1.0,3.6,1.8,1.08,21.8002339181,233.942443882
Dario Saric,PHI,21968-55056,PF,Dario,Saric,18.73846201,13,4500,PHI@LAL,LAL,,,237.39966871,0.0789321320953,111.25,108.0,1.03009259259,19.1703935185,1.5,9.8,0.23,5.2,1.5,0.38,19.1703935185,234.736965397
Darren Collison,IND,21968-9624,PG,Darren,Collison,26.89285714,14,5200,IND@MEM,MEM,,,246.002848607,0.109319291595,102.25,108.0,0.946759259259,25.6380324074,1.5,11.6,0.07,2.9,6.5,1.14,25.6380324074,202.823676847
De'Aaron Fox,SAC,21968-80810,PG,De'Aaron,Fox,23.31538508,13,5200,SAC@ATL,ATL,,,218.718453321,0.106599990655,100.5,94.6,1.06236786469,24.8893868922,2.0,11.8,0.08,3.3,5.2,0.54,24.8893868922,208.924391048
DeMar DeRozan,TOR,21968-9714,SG,DeMar,DeRozan,36.62307739,13,7700,TOR@NO,NO,,,225.20393262,0.162621837745,106.75,110.3,0.967815049864,35.3361468722,3.2,24.8,0.15,3.7,4.2,1.23,35.3361468722,217.90717669
DeMarcus Cousins,NO,21968-12362,C,DeMarcus,Cousins,58.19285801,14,11900,TOR@NO,TOR,,,231.508290583,0.251364034797,110.25,107.4,1.02653631285,59.565,5.4,28.2,1.64,14.0,5.8,1.64,59.565,199.781751028
Dejounte Murray,SA,21968-67708,PG,Dejounte,Murray,21.07857186,14,4400,SA@MIN,MIN,,,248.847850747,0.0847046570695,102.25,102.6,0.996588693957,20.9128996101,1.9,8.6,0.14,5.6,2.9,0.93,20.9128996101,210.396457786
Delon Wright,TOR,21968-40830,PG,Delon,Wright,16.70000047,13,3400,TOR@NO,NO,,,225.20393262,0.0741550126399,106.75,110.3,0.967815049864,16.1188349955,1.8,8.2,0.38,2.5,2.5,0.77,16.1188349955,210.933358457
Dennis Schroder,ATL,21968-40201,PG,Dennis,Schroder,34.19999949,12,7000,SAC@ATL,SAC,,,190.554761879,0.179475963512,104.5,102.6,1.01851851852,34.8416666667,3.1,19.8,0.0,3.1,6.7,1.25,34.8416666667,200.908873475
Dewayne Dedmon,ATL,21968-16301,C,Dewayne,Dedmon,22.67857143,14,5400,SAC@ATL,SAC,,,190.554761879,0.119013406993,104.5,102.6,1.01851851852,23.0675925926,1.7,10.1,0.79,7.9,0.9,0.36,23.0675925926,234.09464938
Dillon Brooks,MEM,21968-60233,SF,Dillon,Brooks,19.64615338,13,4300,IND@MEM,IND,,,202.228179269,0.0971484461316,106.75,101.2,1.05484189723,20.5900839921,1.6,9.3,0.46,4.4,1.1,1.23,20.5900839921,208.838390443
Dion Waiters,MIA,21968-16220,SG,Dion,Waiters,25.75454434,11,5800,WAS@MIA,WAS,,,257.900836692,0.0998621976972,106.0,101.9,1.04023552502,26.8447399411,3.2,16.4,0.27,3.1,3.4,1.0,26.8447399411,216.057224347
Domantas Sabonis,IND,21968-59358,PF,Domantas,Sabonis,28.57499949,12,5500,IND@MEM,MEM,,,246.002848607,0.116157189446,102.25,108.0,0.946759259259,27.1421759259,2.3,13.3,0.33,9.8,2.8,0.25,27.1421759259,202.636664614
Dwayne Bacon,CHA,21968-66061,SG,Dwayne,Bacon,15.03333282,12,3400,CLE@CHA,CLE,,,263.2601722,0.0571044708144,108.25,103.4,1.04690522244,15.720106383,0.8,6.3,0.17,4.8,1.2,0.5,15.720106383,216.283523608
Dwight Howard,CHA,21968-9660,C,Dwight,Howard,33.40833282,12,7700,CLE@CHA,CLE,,,263.2601722,0.126902343567,108.25,103.4,1.04690522244,35.0898791103,4.1,14.4,1.33,13.2,1.3,0.5,35.0898791103,219.436492665
Dwyane Wade,CLE,21968-9585,SG,Dwyane,Wade,21.21538368,13,4800,CLE@CHA,CHA,,,203.46681143,0.104269504844,109.75,109.8,0.999544626594,21.2415163934,2.0,9.0,0.85,3.4,3.7,0.69,21.2415163934,225.97256764
E'Twaun Moore,NO,21968-14554,SG,E'Twaun,Moore,21.54285758,14,4700,TOR@NO,TOR,,,231.508290583,0.0930543676244,110.25,107.4,1.02653631285,21.9819832402,1.1,11.7,0.14,2.7,2.4,1.21,21.9819832402,213.811463171
Ed Davis,POR,21968-12365,PF,Ed,Davis,19.24615361,13,3800,ORL@POR,ORL,,,227.281834968,0.0846796824423,107.75,105.0,1.02619047619,19.7814047619,0.9,5.5,0.85,8.2,0.5,0.54,19.7814047619,192.099602922
Enes Kanter,NY,21968-14516,C,Enes,Kanter,30.23846201,13,6900,UTA@NY,UTA,,,265.126128738,0.114053119374,104.0,106.0,0.981132075472,29.7909433962,2.0,14.1,0.46,11.0,1.2,0.62,29.7909433962,231.614014643
Ersan Ilyasova,ATL,21968-9598,PF,Ersan,Ilyasova,18.22500038,4,4200,SAC@ATL,SAC,,,190.554761879,0.0956417997654,104.5,102.6,1.01851851852,18.4962962963,0.3,5.5,0.25,5.5,0.8,1.5,18.4962962963,227.072486984
Evan Fournier,ORL,21968-23096,SF,Evan,Fournier,32.29285758,14,6300,ORL@POR,POR,,,228.694818501,0.141205025071,102.75,109.8,0.935792349727,30.4416530055,2.0,19.6,0.21,3.8,3.5,1.43,30.4416530055,206.953282033
Evan Turner,POR,21968-12359,SF,Evan,Turner,22.39230816,13,4600,ORL@POR,ORL,,,227.281834968,0.0985222077389,107.75,105.0,1.02619047619,22.945952381,2.1,9.8,0.69,4.5,3.0,0.92,22.945952381,200.4710863
Frank Kaminsky,CHA,21968-16448,PF,Frank,Kaminsky,19.13636364,11,4000,CLE@CHA,CLE,,,263.2601722,0.0726899305736,108.25,103.4,1.04690522244,20.0004110251,1.0,11.3,0.18,4.1,1.7,0.27,20.0004110251,199.995889833
Garrett Temple,SAC,21968-11074,SG,Garrett,Temple,16.80833308,12,3900,SAC@ATL,ATL,,,218.718453321,0.0768491767603,100.5,94.6,1.06236786469,17.671987315,1.0,8.3,0.33,2.2,1.6,1.17,17.671987315,220.688252571
George Hill,SAC,21968-9703,PG,George,Hill,16.68181818,11,3800,SAC@ATL,ATL,,,218.718453321,0.0762707395133,100.5,94.6,1.06236786469,17.791564482,1.7,8.2,0.09,3.2,3.0,0.55,17.791564482,213.584364873
Giannis Antetokounmpo,MIL,21968-40199,SF,Giannis,Antetokounmpo,56.98461445,13,12200,DET@MIL,DET,,,228.695383418,0.249172561327,106.0,104.3,1.0162991371,58.0789741131,3.3,31.3,1.77,10.3,4.8,1.46,58.0789741131,210.058806759
Goran Dragic,MIA,21968-9673,PG,Goran,Dragic,32.52307598,13,6800,WAS@MIA,WAS,,,257.900836692,0.126106903712,106.0,101.9,1.04023552502,33.8891462218,2.2,19.8,0.15,4.2,4.8,0.77,33.8891462218,200.654214051
Hassan Whiteside,MIA,21968-12363,C,Hassan,Whiteside,40.09999847,8,8800,WAS@MIA,WAS,,,257.900836692,0.155486112354,106.0,101.9,1.04023552502,41.527595682,1.8,15.9,1.88,13.0,0.5,1.38,41.527595682,211.90728371
Ish Smith,DET,21968-12511,PG,Ish,Smith,19.5692303,13,4300,DET@MIL,MIL,,,250.637561554,0.0780778035769,102.0,106.5,0.957746478873,18.7708450704,1.4,9.7,0.15,2.5,4.3,0.46,18.7708450704,229.078658093
JJ Redick,PHI,21968-9655,SG,JJ,Redick,24.72727273,11,5000,PHI@LAL,LAL,,,237.39966871,0.10415883419,111.25,108.0,1.03009259259,25.4224537037,1.3,15.1,0.0,2.7,4.0,0.55,25.4224537037,196.676530845
Jakob Poeltl,TOR,21968-58378,C,Jakob,Poeltl,17.16923053,13,3200,TOR@NO,NO,,,225.20393262,0.0762385910861,106.75,110.3,0.967815049864,16.7326291931,1.1,6.4,0.92,5.5,0.6,0.54,16.7326291931,191.243107289
Jamal Crawford,MIN,21968-9448,SG,Jamal,Crawford,15.51538438,13,3000,SA@MIN,SA,,,220.176456758,0.070467953788,107.25,108.8,0.985753676471,15.3371323529,1.7,9.2,0.08,1.2,2.4,0.92,15.3371323529,195.603710717
Jameer Nelson,NO,21968-9652,PG,Jameer,Nelson,17.84166718,12,4000,TOR@NO,TOR,,,231.508290583,0.0770670766696,110.25,107.4,1.02653631285,18.2421927374,1.6,7.0,0.17,2.3,4.1,1.0,18.2421927374,219.271885654
James Ennis III,MEM,21968-17491,SF,James,Ennis III,18.5,13,3600,IND@MEM,IND,,,202.228179269,0.0914808216485,106.75,101.2,1.05484189723,19.4277618577,0.6,8.6,0.23,4.6,1.5,0.69,19.4277618577,185.301839006
James Johnson,MIA,21968-9966,PF,James,Johnson,29.75,12,6200,WAS@MIA,WAS,,,257.900836692,0.115354414439,106.0,101.9,1.04023552502,30.6984789009,2.9,12.4,0.83,5.8,4.3,1.42,30.6984789009,201.964404165
Jarell Martin,MEM,21968-40819,PF,Jarell,Martin,14.76923077,13,3100,IND@MEM,IND,,,202.228179269,0.0730325062679,106.75,101.2,1.05484189723,15.2699703557,1.1,5.0,0.92,4.2,0.6,0.69,15.2699703557,203.012836815
Jarrett Jack,NY,21968-9713,PG,Jarrett,Jack,16.72727273,11,3500,UTA@NY,UTA,,,265.126128738,0.0630917548927,104.0,106.0,0.981132075472,16.4913207547,1.7,4.8,0.09,3.2,5.5,0.45,16.4913207547,212.232849755
Jeff Green,CLE,21968-9648,SF,Jeff,Green,17.90714264,14,3800,CLE@CHA,CHA,,,203.46681143,0.0880101403966,109.75,109.8,0.999544626594,18.0328415301,1.1,10.5,0.21,2.6,1.4,0.93,18.0328415301,210.726634162
Jeff Teague,MIN,21968-9446,PG,Jeff,Teague,31.60769184,13,6500,SA@MIN,SA,,,220.176456758,0.143556183551,107.25,108.8,0.985753676471,31.4698483456,3.6,13.7,0.38,3.2,7.5,1.85,31.4698483456,206.546912099
Jeremy Lamb,CHA,21968-15559,SG,Jeremy,Lamb,28.80833435,12,5500,CLE@CHA,CLE,,,263.2601722,0.109429140417,108.25,103.4,1.04690522244,30.1155222437,1.8,16.7,0.33,5.1,3.2,0.67,30.1155222437,182.630072143
Joel Embiid,PHI,21968-49111,C,Joel,Embiid,41.66363525,11,9700,PHI@LAL,LAL,,,237.39966871,0.175499972163,111.25,108.0,1.03009259259,42.8433796296,4.6,20.9,1.45,10.8,3.2,1.09,42.8433796296,226.406041817
John Collins,ATL,21968-66236,PF,John,Collins,23.01428659,14,4800,SAC@ATL,SAC,,,190.554761879,0.12077518485,104.5,102.6,1.01851851852,23.352037037,1.4,10.4,1.07,7.2,0.7,0.36,23.352037037,205.549519829
Jonathon Simmons,ORL,21968-18821,SF,Jonathon,Simmons,22.65714373,14,4500,ORL@POR,POR,,,228.694818501,0.0990715219457,102.75,109.8,0.935792349727,21.1803688525,2.3,15.0,0.07,3.3,2.1,0.86,21.1803688525,212.460889201
Jordan Clarkson,LAL,21968-20640,SG,Jordan,Clarkson,22.84285627,14,4200,PHI@LAL,PHI,,,223.376675489,0.102261600143,108.25,103.3,1.04791868345,23.8748160697,2.0,15.5,0.0,2.4,2.7,0.79,23.8748160697,175.917585616
Jordan Mickey,MIA,21968-41063,PF,Jordan,Mickey,14.19999981,2,3000,WAS@MIA,WAS,,,257.900836692,0.0550599214494,106.0,101.9,1.04023552502,14.6908734053,1.0,5.0,1.0,6.0,0.0,0.0,14.6908734053,204.208416834
Josh Richardson,MIA,21968-16233,SF,Josh,Richardson,21.8615394,13,4900,WAS@MIA,WAS,,,257.900836692,0.084767229453,106.0,101.9,1.04023552502,22.4821099117,2.6,9.8,0.85,3.5,2.3,1.46,22.4821099117,217.951073954
Jrue Holiday,NO,21968-9663,PG,Jrue,Holiday,31.19285801,14,7000,TOR@NO,TOR,,,231.508290583,0.134737541932,110.25,107.4,1.02653631285,31.9652932961,3.3,14.1,0.29,5.1,6.5,1.21,31.9652932961,218.987510459
Julius Randle,LAL,21968-42669,PF,Julius,Randle,23.67857143,14,5300,PHI@LAL,PHI,,,223.376675489,0.106002882253,108.25,103.3,1.04791868345,24.7446902227,2.4,11.6,0.93,6.8,1.5,0.43,24.7446902227,214.18736514
Karl-Anthony Towns,MIN,21968-58462,C,Karl-Anthony,Towns,41.59230863,13,9600,SA@MIN,SA,,,220.176456758,0.188904432574,107.25,108.8,0.985753676471,41.1908639706,1.9,21.2,1.77,11.2,1.2,0.62,41.1908639706,233.061389702
Kay Felder,CHI,21968-43064,PG,Kay,Felder,8.588889228,9,3000,CHI@OKC,OKC,,,200.471067951,0.0428435350586,0.0,93.6,0.0,-0.94,1.6,5.1,0.0,1.0,2.1,0.22,-0.94,-3191.4893617
Kelly Olynyk,MIA,21968-22541,PF,Kelly,Olynyk,20.46153846,13,3700,WAS@MIA,WAS,,,257.900836692,0.0793387827758,106.0,101.9,1.04023552502,21.2669479882,2.3,9.8,0.54,5.8,1.7,0.62,21.2669479882,173.97888978
Kemba Walker,CHA,21968-14507,PG,Kemba,Walker,36.39166768,12,7800,CLE@CHA,CLE,,,263.2601722,0.138234611699,108.25,103.4,1.04690522244,38.0935783366,2.5,21.7,0.25,3.4,6.6,0.83,38.0935783366,204.758921073
Kent Bazemore,ATL,21968-19781,SG,Kent,Bazemore,29.91428484,14,5700,SAC@ATL,SAC,,,190.554761879,0.15698523902,104.5,102.6,1.01851851852,30.4590740741,2.5,13.9,0.5,4.2,3.9,2.07,30.4590740741,187.136351753
Kentavious Caldwell-Pope,LAL,21968-15636,SG,Kentavious,Caldwell-Pope,24.68333435,12,4900,PHI@LAL,PHI,,,223.376675489,0.110500947765,108.25,103.3,1.04791868345,25.8697725073,1.9,11.5,0.25,5.2,2.5,1.5,25.8697725073,189.410246983
Kevin Love,CLE,21968-9874,C,Kevin,Love,34.19285801,14,7200,CLE@CHA,CHA,,,203.46681143,0.168051279566,109.75,109.8,0.999544626594,34.1350045537,2.2,17.6,0.43,10.4,1.9,0.71,34.1350045537,210.927172682
Khris Middleton,MIL,21968-16261,SG,Khris,Middleton,33.38461538,13,7000,DET@MIL,DET,,,228.695383418,0.145978527774,106.0,104.3,1.0162991371,33.9741802493,2.4,18.0,0.08,5.8,4.8,1.15,33.9741802493,206.038819734
Kosta Koufos,SAC,21968-9731,C,Kosta,Koufos,16.98461562,13,3500,SAC@ATL,ATL,,,218.718453321,0.0776551560333,100.5,94.6,1.06236786469,17.9162684989,0.7,4.6,0.69,6.5,1.1,0.54,17.9162684989,195.353178604
Kristaps Porzingis,NY,21968-63122,PF,Kristaps,Porzingis,45.57500203,12,9300,UTA@NY,UTA,,,265.126128738,0.171899322964,104.0,106.0,0.981132075472,44.8669811321,2.3,29.5,2.17,7.3,1.1,0.5,44.8669811321,207.279379297
Kyle Anderson,SA,21968-23716,SF,Kyle,Anderson,24.59999956,14,5200,SA@MIN,MIN,,,248.847850747,0.0988555837881,102.25,102.6,0.996588693957,24.631705653,0.9,8.2,1.0,6.6,2.6,0.86,24.631705653,211.110025154
Kyle Korver,CLE,21968-9870,SG,Kyle,Korver,16.62857165,14,3700,CLE@CHA,CHA,,,203.46681143,0.0817262114304,109.75,109.8,0.999544626594,16.5634517304,0.6,10.9,0.43,2.4,0.4,0.5,16.5634517304,223.383390142
Kyle O'Quinn,NY,21968-17384,C,Kyle,O'Quinn,19.66923053,13,3900,UTA@NY,UTA,,,265.126128738,0.0741882010031,104.0,106.0,0.981132075472,19.2375471698,1.6,6.3,1.15,5.8,2.2,0.38,19.2375471698,202.72854775
LaMarcus Aldridge,SA,21968-9688,PF,LaMarcus,Aldridge,40.96428571,14,8300,SA@MIN,MIN,,,248.847850747,0.164615790681,102.25,102.6,0.996588693957,40.8773976608,1.6,22.5,1.43,8.2,2.4,0.79,40.8773976608,203.046193617
LeBron James,CLE,21968-9488,SF,LeBron,James,52.94999913,14,11300,CLE@CHA,CHA,,,203.46681143,0.260238997986,109.75,109.8,0.999544626594,52.9571493625,4.7,28.1,1.29,7.4,8.8,1.21,52.9571493625,213.380065506
Lonzo Ball,LAL,21968-80806,PG,Lonzo,Ball,32.5214277,14,7300,PHI@LAL,PHI,,,223.376675489,0.145590078413,108.25,103.3,1.04791868345,33.7422652469,2.7,9.5,0.93,6.6,7.2,1.36,33.7422652469,216.345877984
Lucas Nogueira,TOR,21968-40200,C,Lucas,Nogueira,16.68000031,10,3200,TOR@NO,NO,,,225.20393262,0.0740662035336,106.75,110.3,0.967815049864,16.3523572076,0.7,4.6,1.6,3.9,0.6,0.8,16.3523572076,195.690441407
Malcolm Brogdon,MIL,21968-16359,SG,Malcolm,Brogdon,26.55833435,12,5700,DET@MIL,DET,,,228.695383418,0.116129735341,106.0,104.3,1.0162991371,26.9872099712,1.8,15.1,0.17,2.6,4.1,1.17,26.9872099712,211.211162846
Manu Ginobili,SA,21968-9704,SG,Manu,Ginobili,17.29090881,11,4000,SA@MIN,MIN,,,248.847850747,0.0694838583419,102.25,102.6,0.996588693957,17.2392397661,1.4,9.0,0.27,1.9,2.4,1.0,17.2392397661,232.028793281
Marc Gasol,MEM,21968-9581,C,Marc,Gasol,37.83846107,13,7500,IND@MEM,IND,,,202.228179269,0.187107757221,106.75,101.2,1.05484189723,39.6902717391,3.1,18.9,1.62,9.0,3.3,0.46,39.6902717391,188.963180935
Mario Chalmers,MEM,21968-9583,PG,Mario,Chalmers,18.5615387,13,3600,IND@MEM,IND,,,202.228179269,0.0917851249371,106.75,101.2,1.05484189723,19.3913092885,1.7,8.0,0.15,2.6,3.3,1.23,19.3913092885,185.650176913
Marvin Williams,CHA,21968-9451,PF,Marvin,Williams,18.34999975,12,4400,CLE@CHA,CLE,,,263.2601722,0.0697029087106,108.25,103.4,1.04690522244,18.8463926499,0.4,8.7,0.33,4.3,0.8,0.83,18.8463926499,233.466429451
Matt Costello,SA,21968-24543,PF,Matt,Costello,14.0,1,3000,SA@MIN,MIN,,,248.847850747,0.0562592763328,102.25,102.6,0.996588693957,13.9727095517,0.0,2.0,2.0,5.0,0.0,0.0,13.9727095517,214.704241071
Nemanja Bjelica,MIN,21968-12368,SF,Nemanja,Bjelica,13.40769254,13,3000,SA@MIN,SA,,,220.176456758,0.0608952143996,107.25,108.8,0.985753676471,13.2883318015,0.9,7.4,0.15,3.0,0.7,0.62,13.2883318015,225.761972595
Pascal Siakam,TOR,21968-60021,PF,Pascal,Siakam,16.48333359,12,3400,TOR@NO,NO,,,225.20393262,0.0731929207374,106.75,110.3,0.967815049864,16.0655485041,0.6,7.4,0.08,4.1,1.2,0.92,16.0655485041,211.632985898
Pau Gasol,SA,21968-9570,C,Pau,Gasol,29.03571429,14,6200,SA@MIN,MIN,,,248.847850747,0.116680590983,102.25,102.6,0.996588693957,29.0018518519,1.7,10.3,1.36,8.2,3.8,0.29,29.0018518519,213.779452142
Ramon Sessions,NY,21968-9605,PG,Ramon,Sessions,16.0,4,3500,UTA@NY,UTA,,,265.126128738,0.060348635105,104.0,106.0,0.981132075472,15.7349056604,1.8,5.8,0.25,2.5,3.5,1.0,15.7349056604,222.435397806
Reggie Jackson,DET,21968-14523,PG,Reggie,Jackson,30.68461492,13,6300,DET@MIL,MIL,,,250.637561554,0.122426242618,102.0,106.5,0.957746478873,29.4521126761,2.3,16.3,0.0,3.6,6.1,1.08,29.4521126761,213.906556358
Robert Covington,PHI,21968-20491,SF,Robert,Covington,31.52307598,13,6800,PHI@LAL,LAL,,,237.39966871,0.132784835595,111.25,108.0,1.03009259259,32.2390972222,1.6,16.8,0.77,5.7,1.5,1.62,32.2390972222,210.924020394
Rudy Gay,SA,21968-9577,SF,Rudy,Gay,24.60714286,14,5300,SA@MIN,MIN,,,248.847850747,0.0988842892801,102.25,102.6,0.996588693957,24.5274074074,1.6,12.4,0.57,5.4,1.6,1.07,24.5274074074,216.084803093
Serge Ibaka,TOR,21968-9957,PF,Serge,Ibaka,23.15833282,12,5300,TOR@NO,NO,,,225.20393262,0.10283271944,106.75,110.3,0.967815049864,22.5592203083,1.0,12.6,1.08,5.6,0.6,0.25,22.5592203083,234.937197633
Skal Labissiere,SAC,21968-66109,PF,Skal,Labissiere,18.09230746,13,3700,SAC@ATL,ATL,,,218.718453321,0.0827196205226,100.5,94.6,1.06236786469,19.0479704017,1.2,9.3,0.62,4.3,0.6,0.69,19.0479704017,194.246416913
Taj Gibson,MIN,21968-9481,PF,Taj,Gibson,25.17692214,13,4800,SA@MIN,SA,,,220.176456758,0.114348838703,107.25,108.8,0.985753676471,24.8769806985,1.4,10.2,0.62,7.6,1.3,1.15,24.8769806985,192.949460313
Taurean Prince,ATL,21968-23572,SF,Taurean,Prince,26.02857099,14,5700,SAC@ATL,SAC,,,190.554761879,0.136593652834,104.5,102.6,1.01851851852,26.3961111111,2.7,12.9,0.57,5.1,2.3,1.5,26.3961111111,215.940900385
Thaddeus Young,IND,21968-9666,PF,Thaddeus,Young,27.7714277,14,6000,IND@MEM,MEM,,,246.002848607,0.11289067528,102.25,108.0,0.946759259259,26.6548148148,1.1,13.6,0.43,6.0,1.6,1.5,26.6548148148,225.100044464
Tim Hardaway Jr.,NY,21968-15846,SG,Tim,Hardaway Jr.,28.73076923,13,6600,UTA@NY,UTA,,,265.126128738,0.108366419284,104.0,106.0,0.981132075472,28.1411320755,1.7,17.2,0.15,4.2,2.8,1.15,28.1411320755,234.53214257
Tony Snell,MIL,21968-17517,SG,Tony,Snell,17.18461492,13,3500,DET@MIL,DET,,,228.695383418,0.0751419406162,106.0,104.3,1.0162991371,17.3582933845,0.5,8.8,0.15,2.1,2.2,0.85,17.3582933845,201.632725204
Tyler Johnson,MIA,21968-18600,PG,Tyler,Johnson,19.61666616,12,4600,WAS@MIA,WAS,,,257.900836692,0.0760628248113,106.0,101.9,1.04023552502,20.2894013739,1.0,9.9,0.83,2.7,2.0,0.67,20.2894013739,226.719355354
Tyreke Evans,MEM,21968-9692,SG,Tyreke,Evans,30.83076829,13,6800,IND@MEM,IND,,,202.228179269,0.152455352174,106.75,101.2,1.05484189723,32.4020602767,1.7,18.5,0.08,4.9,3.1,1.08,32.4020602767,209.863198264
Victor Oladipo,IND,21968-15684,SG,Victor,Oladipo,36.60714286,14,7400,IND@MEM,MEM,,,246.002848607,0.148807800671,102.25,108.0,0.946759259259,34.7519444444,3.4,23.4,0.64,4.3,3.6,1.36,34.7519444444,212.937725307
Willie Cauley-Stein,SAC,21968-23823,C,Willie,Cauley-Stein,22.34615385,13,4300,SAC@ATL,ATL,,,218.718453321,0.102168580249,100.5,94.6,1.06236786469,23.5344291755,1.2,8.4,1.0,5.8,2.1,0.69,23.5344291755,182.711038706
Zach Randolph,SAC,21968-9579,PF,Zach,Randolph,23.48181707,11,5000,SAC@ATL,ATL,,,218.718453321,0.107360932347,100.5,94.6,1.06236786469,24.8326109937,2.4,12.7,0.18,6.3,1.7,0.82,24.8326109937,201.348138594
